{
	"BUILD_DIR" : "/Users/endlessio/CS1230/lab07-terrain-Endlessio/StaticGLEW_autogen",
	"CMAKE_BINARY_DIR" : "/Users/endlessio/CS1230/lab07-terrain-Endlessio",
	"CMAKE_CURRENT_BINARY_DIR" : "/Users/endlessio/CS1230/lab07-terrain-Endlessio",
	"CMAKE_CURRENT_SOURCE_DIR" : "/Users/endlessio/CS1230/lab07-terrain-Endlessio",
	"CMAKE_EXECUTABLE" : "/Users/endlessio/Qt/Tools/CMake/CMake.app/Contents/bin/cmake",
	"CMAKE_LIST_FILES" : 
	[
		"/Users/endlessio/CS1230/lab07-terrain-Endlessio/CMakeLists.txt",
		"/Users/endlessio/Qt/Qt Creator.app/Contents/Resources/package-manager/auto-setup.cmake",
		"/Users/endlessio/CS1230/lab07-terrain-Endlessio/CMakeFiles/3.23.2/CMakeSystem.cmake",
		"/Users/endlessio/Qt/Tools/CMake/CMake.app/Contents/share/cmake-3.23/Modules/CMakeSystemSpecificInitialize.cmake",
		"/Users/endlessio/Qt/Tools/CMake/CMake.app/Contents/share/cmake-3.23/Modules/Platform/Darwin-Initialize.cmake",
		"/Users/endlessio/CS1230/lab07-terrain-Endlessio/CMakeFiles/3.23.2/CMakeCXXCompiler.cmake",
		"/Users/endlessio/CS1230/lab07-terrain-Endlessio/CMakeFiles/3.23.2/CMakeCCompiler.cmake",
		"/Users/endlessio/Qt/Tools/CMake/CMake.app/Contents/share/cmake-3.23/Modules/CMakeSystemSpecificInformation.cmake",
		"/Users/endlessio/Qt/Tools/CMake/CMake.app/Contents/share/cmake-3.23/Modules/CMakeGenericSystem.cmake",
		"/Users/endlessio/Qt/Tools/CMake/CMake.app/Contents/share/cmake-3.23/Modules/CMakeInitializeConfigs.cmake",
		"/Users/endlessio/Qt/Tools/CMake/CMake.app/Contents/share/cmake-3.23/Modules/Platform/Darwin.cmake",
		"/Users/endlessio/Qt/Tools/CMake/CMake.app/Contents/share/cmake-3.23/Modules/Platform/UnixPaths.cmake",
		"/Users/endlessio/Qt/Tools/CMake/CMake.app/Contents/share/cmake-3.23/Modules/CMakeCXXInformation.cmake",
		"/Users/endlessio/Qt/Tools/CMake/CMake.app/Contents/share/cmake-3.23/Modules/CMakeLanguageInformation.cmake",
		"/Users/endlessio/Qt/Tools/CMake/CMake.app/Contents/share/cmake-3.23/Modules/Compiler/AppleClang-CXX.cmake",
		"/Users/endlessio/Qt/Tools/CMake/CMake.app/Contents/share/cmake-3.23/Modules/Compiler/Clang.cmake",
		"/Users/endlessio/Qt/Tools/CMake/CMake.app/Contents/share/cmake-3.23/Modules/Compiler/CMakeCommonCompilerMacros.cmake",
		"/Users/endlessio/Qt/Tools/CMake/CMake.app/Contents/share/cmake-3.23/Modules/Compiler/GNU.cmake",
		"/Users/endlessio/Qt/Tools/CMake/CMake.app/Contents/share/cmake-3.23/Modules/Compiler/CMakeCommonCompilerMacros.cmake",
		"/Users/endlessio/Qt/Tools/CMake/CMake.app/Contents/share/cmake-3.23/Modules/Platform/Apple-AppleClang-CXX.cmake",
		"/Users/endlessio/Qt/Tools/CMake/CMake.app/Contents/share/cmake-3.23/Modules/Platform/Apple-Clang-CXX.cmake",
		"/Users/endlessio/Qt/Tools/CMake/CMake.app/Contents/share/cmake-3.23/Modules/Platform/Apple-Clang.cmake",
		"/Users/endlessio/Qt/Tools/CMake/CMake.app/Contents/share/cmake-3.23/Modules/CMakeCommonLanguageInclude.cmake",
		"/Users/endlessio/Qt/Tools/CMake/CMake.app/Contents/share/cmake-3.23/Modules/CMakeCInformation.cmake",
		"/Users/endlessio/Qt/Tools/CMake/CMake.app/Contents/share/cmake-3.23/Modules/CMakeLanguageInformation.cmake",
		"/Users/endlessio/Qt/Tools/CMake/CMake.app/Contents/share/cmake-3.23/Modules/Compiler/AppleClang-C.cmake",
		"/Users/endlessio/Qt/Tools/CMake/CMake.app/Contents/share/cmake-3.23/Modules/Compiler/Clang.cmake",
		"/Users/endlessio/Qt/Tools/CMake/CMake.app/Contents/share/cmake-3.23/Modules/Platform/Apple-AppleClang-C.cmake",
		"/Users/endlessio/Qt/Tools/CMake/CMake.app/Contents/share/cmake-3.23/Modules/Platform/Apple-Clang-C.cmake",
		"/Users/endlessio/Qt/Tools/CMake/CMake.app/Contents/share/cmake-3.23/Modules/Platform/Apple-Clang.cmake",
		"/Users/endlessio/Qt/Tools/CMake/CMake.app/Contents/share/cmake-3.23/Modules/CMakeCommonLanguageInclude.cmake",
		"/Users/endlessio/Qt/6.2.4/macos/lib/cmake/Qt6/Qt6ConfigVersion.cmake",
		"/Users/endlessio/Qt/6.2.4/macos/lib/cmake/Qt6/Qt6ConfigVersionImpl.cmake",
		"/Users/endlessio/Qt/6.2.4/macos/lib/cmake/Qt6/Qt6Config.cmake",
		"/Users/endlessio/Qt/6.2.4/macos/lib/cmake/Qt6/Qt6ConfigExtras.cmake",
		"/Users/endlessio/Qt/6.2.4/macos/lib/cmake/Qt6/QtPublicCMakeVersionHelpers.cmake",
		"/Users/endlessio/Qt/6.2.4/macos/lib/cmake/Qt6/Qt6Targets.cmake",
		"/Users/endlessio/Qt/6.2.4/macos/lib/cmake/Qt6/Qt6VersionlessTargets.cmake",
		"/Users/endlessio/Qt/6.2.4/macos/lib/cmake/Qt6/QtFeature.cmake",
		"/Users/endlessio/Qt/6.2.4/macos/lib/cmake/Qt6/QtFeatureCommon.cmake",
		"/Users/endlessio/Qt/Tools/CMake/CMake.app/Contents/share/cmake-3.23/Modules/CheckCXXCompilerFlag.cmake",
		"/Users/endlessio/Qt/Tools/CMake/CMake.app/Contents/share/cmake-3.23/Modules/CheckCXXSourceCompiles.cmake",
		"/Users/endlessio/Qt/Tools/CMake/CMake.app/Contents/share/cmake-3.23/Modules/Internal/CheckSourceCompiles.cmake",
		"/Users/endlessio/Qt/Tools/CMake/CMake.app/Contents/share/cmake-3.23/Modules/Internal/CheckCompilerFlag.cmake",
		"/Users/endlessio/Qt/Tools/CMake/CMake.app/Contents/share/cmake-3.23/Modules/Internal/CheckFlagCommonConfig.cmake",
		"/Users/endlessio/Qt/Tools/CMake/CMake.app/Contents/share/cmake-3.23/Modules/Internal/CheckSourceCompiles.cmake",
		"/Users/endlessio/Qt/Tools/CMake/CMake.app/Contents/share/cmake-3.23/Modules/CMakeCheckCompilerFlagCommonPatterns.cmake",
		"/Users/endlessio/Qt/6.2.4/macos/lib/cmake/Qt6/QtPublicFinalizerHelpers.cmake",
		"/Users/endlessio/Qt/6.2.4/macos/lib/cmake/Qt6/QtPublicPluginHelpers.cmake",
		"/Users/endlessio/Qt/6.2.4/macos/lib/cmake/Qt6/QtPublicTargetHelpers.cmake",
		"/Users/endlessio/Qt/6.2.4/macos/lib/cmake/Qt6/QtPublicWalkLibsHelpers.cmake",
		"/Users/endlessio/Qt/6.2.4/macos/lib/cmake/Qt6/QtPublicFindPackageHelpers.cmake",
		"/Users/endlessio/Qt/6.2.4/macos/lib/cmake/Qt6/QtPublicDependencyHelpers.cmake",
		"/Users/endlessio/Qt/6.2.4/macos/lib/cmake/Qt6/QtPublicCMakeHelpers.cmake",
		"/Users/endlessio/Qt/Tools/CMake/CMake.app/Contents/share/cmake-3.23/Modules/CMakeFindDependencyMacro.cmake",
		"/Users/endlessio/Qt/6.2.4/macos/lib/cmake/Qt6/Qt6Dependencies.cmake",
		"/Users/endlessio/Qt/Tools/CMake/CMake.app/Contents/share/cmake-3.23/Modules/FindThreads.cmake",
		"/Users/endlessio/Qt/Tools/CMake/CMake.app/Contents/share/cmake-3.23/Modules/CheckLibraryExists.cmake",
		"/Users/endlessio/Qt/Tools/CMake/CMake.app/Contents/share/cmake-3.23/Modules/CheckIncludeFile.cmake",
		"/Users/endlessio/Qt/Tools/CMake/CMake.app/Contents/share/cmake-3.23/Modules/CheckCSourceCompiles.cmake",
		"/Users/endlessio/Qt/Tools/CMake/CMake.app/Contents/share/cmake-3.23/Modules/Internal/CheckSourceCompiles.cmake",
		"/Users/endlessio/Qt/Tools/CMake/CMake.app/Contents/share/cmake-3.23/Modules/FindPackageHandleStandardArgs.cmake",
		"/Users/endlessio/Qt/Tools/CMake/CMake.app/Contents/share/cmake-3.23/Modules/FindPackageMessage.cmake",
		"/Users/endlessio/Qt/6.2.4/macos/lib/cmake/Qt6Core/Qt6CoreConfigVersion.cmake",
		"/Users/endlessio/Qt/6.2.4/macos/lib/cmake/Qt6Core/Qt6CoreConfigVersionImpl.cmake",
		"/Users/endlessio/Qt/6.2.4/macos/lib/cmake/Qt6Core/Qt6CoreConfig.cmake",
		"/Users/endlessio/Qt/Tools/CMake/CMake.app/Contents/share/cmake-3.23/Modules/CMakeFindDependencyMacro.cmake",
		"/Users/endlessio/Qt/6.2.4/macos/lib/cmake/Qt6Core/Qt6CoreDependencies.cmake",
		"/Users/endlessio/Qt/6.2.4/macos/lib/cmake/Qt6/Qt6ConfigVersion.cmake",
		"/Users/endlessio/Qt/6.2.4/macos/lib/cmake/Qt6/Qt6ConfigVersionImpl.cmake",
		"/Users/endlessio/Qt/6.2.4/macos/lib/cmake/Qt6/Qt6Config.cmake",
		"/Users/endlessio/Qt/6.2.4/macos/lib/cmake/Qt6/Qt6ConfigExtras.cmake",
		"/Users/endlessio/Qt/6.2.4/macos/lib/cmake/Qt6/QtPublicCMakeVersionHelpers.cmake",
		"/Users/endlessio/Qt/6.2.4/macos/lib/cmake/Qt6/Qt6Targets.cmake",
		"/Users/endlessio/Qt/6.2.4/macos/lib/cmake/Qt6/Qt6VersionlessTargets.cmake",
		"/Users/endlessio/Qt/6.2.4/macos/lib/cmake/Qt6/QtFeature.cmake",
		"/Users/endlessio/Qt/6.2.4/macos/lib/cmake/Qt6/QtFeatureCommon.cmake",
		"/Users/endlessio/Qt/Tools/CMake/CMake.app/Contents/share/cmake-3.23/Modules/CheckCXXCompilerFlag.cmake",
		"/Users/endlessio/Qt/6.2.4/macos/lib/cmake/Qt6/QtPublicFinalizerHelpers.cmake",
		"/Users/endlessio/Qt/6.2.4/macos/lib/cmake/Qt6/QtPublicPluginHelpers.cmake",
		"/Users/endlessio/Qt/6.2.4/macos/lib/cmake/Qt6/QtPublicTargetHelpers.cmake",
		"/Users/endlessio/Qt/6.2.4/macos/lib/cmake/Qt6/QtPublicWalkLibsHelpers.cmake",
		"/Users/endlessio/Qt/6.2.4/macos/lib/cmake/Qt6/QtPublicFindPackageHelpers.cmake",
		"/Users/endlessio/Qt/6.2.4/macos/lib/cmake/Qt6/QtPublicDependencyHelpers.cmake",
		"/Users/endlessio/Qt/6.2.4/macos/lib/cmake/Qt6/QtPublicCMakeHelpers.cmake",
		"/Users/endlessio/Qt/Tools/CMake/CMake.app/Contents/share/cmake-3.23/Modules/CMakeFindDependencyMacro.cmake",
		"/Users/endlessio/Qt/6.2.4/macos/lib/cmake/Qt6/Qt6Dependencies.cmake",
		"/Users/endlessio/Qt/Tools/CMake/CMake.app/Contents/share/cmake-3.23/Modules/FindThreads.cmake",
		"/Users/endlessio/Qt/Tools/CMake/CMake.app/Contents/share/cmake-3.23/Modules/CheckLibraryExists.cmake",
		"/Users/endlessio/Qt/Tools/CMake/CMake.app/Contents/share/cmake-3.23/Modules/CheckIncludeFile.cmake",
		"/Users/endlessio/Qt/Tools/CMake/CMake.app/Contents/share/cmake-3.23/Modules/CheckCSourceCompiles.cmake",
		"/Users/endlessio/Qt/Tools/CMake/CMake.app/Contents/share/cmake-3.23/Modules/FindPackageHandleStandardArgs.cmake",
		"/Users/endlessio/Qt/Tools/CMake/CMake.app/Contents/share/cmake-3.23/Modules/FindPackageMessage.cmake",
		"/Users/endlessio/Qt/6.2.4/macos/lib/cmake/Qt6/FindWrapAtomic.cmake",
		"/Users/endlessio/Qt/Tools/CMake/CMake.app/Contents/share/cmake-3.23/Modules/CheckCXXSourceCompiles.cmake",
		"/Users/endlessio/Qt/Tools/CMake/CMake.app/Contents/share/cmake-3.23/Modules/FindPackageHandleStandardArgs.cmake",
		"/Users/endlessio/Qt/Tools/CMake/CMake.app/Contents/share/cmake-3.23/Modules/FindPackageMessage.cmake",
		"/Users/endlessio/Qt/6.2.4/macos/lib/cmake/Qt6CoreTools/Qt6CoreToolsConfigVersion.cmake",
		"/Users/endlessio/Qt/6.2.4/macos/lib/cmake/Qt6CoreTools/Qt6CoreToolsConfigVersionImpl.cmake",
		"/Users/endlessio/Qt/6.2.4/macos/lib/cmake/Qt6CoreTools/Qt6CoreToolsConfig.cmake",
		"/Users/endlessio/Qt/Tools/CMake/CMake.app/Contents/share/cmake-3.23/Modules/CMakeFindDependencyMacro.cmake",
		"/Users/endlessio/Qt/6.2.4/macos/lib/cmake/Qt6CoreTools/Qt6CoreToolsDependencies.cmake",
		"/Users/endlessio/Qt/6.2.4/macos/lib/cmake/Qt6CoreTools/Qt6CoreToolsTargets.cmake",
		"/Users/endlessio/Qt/6.2.4/macos/lib/cmake/Qt6CoreTools/Qt6CoreToolsTargets-relwithdebinfo.cmake",
		"/Users/endlessio/Qt/6.2.4/macos/lib/cmake/Qt6CoreTools/Qt6CoreToolsAdditionalTargetInfo.cmake",
		"/Users/endlessio/Qt/6.2.4/macos/lib/cmake/Qt6CoreTools/Qt6CoreToolsVersionlessTargets.cmake",
		"/Users/endlessio/Qt/6.2.4/macos/lib/cmake/Qt6Core/Qt6CoreTargets.cmake",
		"/Users/endlessio/Qt/6.2.4/macos/lib/cmake/Qt6Core/Qt6CoreTargets-relwithdebinfo.cmake",
		"/Users/endlessio/Qt/6.2.4/macos/lib/cmake/Qt6Core/Qt6CoreAdditionalTargetInfo.cmake",
		"/Users/endlessio/Qt/6.2.4/macos/lib/cmake/Qt6Core/Qt6CoreVersionlessTargets.cmake",
		"/Users/endlessio/Qt/6.2.4/macos/lib/cmake/Qt6Core/Qt6CoreMacros.cmake",
		"/Users/endlessio/Qt/Tools/CMake/CMake.app/Contents/share/cmake-3.23/Modules/CMakeParseArguments.cmake",
		"/Users/endlessio/Qt/6.2.4/macos/lib/cmake/Qt6Core/Qt6CoreConfigExtras.cmake",
		"/Users/endlessio/Qt/6.2.4/macos/lib/cmake/Qt6/Qt6ConfigVersion.cmake",
		"/Users/endlessio/Qt/6.2.4/macos/lib/cmake/Qt6/Qt6ConfigVersionImpl.cmake",
		"/Users/endlessio/Qt/6.2.4/macos/lib/cmake/Qt6/Qt6Config.cmake",
		"/Users/endlessio/Qt/6.2.4/macos/lib/cmake/Qt6/Qt6ConfigExtras.cmake",
		"/Users/endlessio/Qt/6.2.4/macos/lib/cmake/Qt6/QtPublicCMakeVersionHelpers.cmake",
		"/Users/endlessio/Qt/6.2.4/macos/lib/cmake/Qt6/Qt6Targets.cmake",
		"/Users/endlessio/Qt/6.2.4/macos/lib/cmake/Qt6/Qt6VersionlessTargets.cmake",
		"/Users/endlessio/Qt/6.2.4/macos/lib/cmake/Qt6/QtFeature.cmake",
		"/Users/endlessio/Qt/6.2.4/macos/lib/cmake/Qt6/QtFeatureCommon.cmake",
		"/Users/endlessio/Qt/Tools/CMake/CMake.app/Contents/share/cmake-3.23/Modules/CheckCXXCompilerFlag.cmake",
		"/Users/endlessio/Qt/6.2.4/macos/lib/cmake/Qt6/QtPublicFinalizerHelpers.cmake",
		"/Users/endlessio/Qt/6.2.4/macos/lib/cmake/Qt6/QtPublicPluginHelpers.cmake",
		"/Users/endlessio/Qt/6.2.4/macos/lib/cmake/Qt6/QtPublicTargetHelpers.cmake",
		"/Users/endlessio/Qt/6.2.4/macos/lib/cmake/Qt6/QtPublicWalkLibsHelpers.cmake",
		"/Users/endlessio/Qt/6.2.4/macos/lib/cmake/Qt6/QtPublicFindPackageHelpers.cmake",
		"/Users/endlessio/Qt/6.2.4/macos/lib/cmake/Qt6/QtPublicDependencyHelpers.cmake",
		"/Users/endlessio/Qt/6.2.4/macos/lib/cmake/Qt6/QtPublicCMakeHelpers.cmake",
		"/Users/endlessio/Qt/Tools/CMake/CMake.app/Contents/share/cmake-3.23/Modules/CMakeFindDependencyMacro.cmake",
		"/Users/endlessio/Qt/6.2.4/macos/lib/cmake/Qt6/Qt6Dependencies.cmake",
		"/Users/endlessio/Qt/Tools/CMake/CMake.app/Contents/share/cmake-3.23/Modules/FindThreads.cmake",
		"/Users/endlessio/Qt/Tools/CMake/CMake.app/Contents/share/cmake-3.23/Modules/CheckLibraryExists.cmake",
		"/Users/endlessio/Qt/Tools/CMake/CMake.app/Contents/share/cmake-3.23/Modules/CheckIncludeFile.cmake",
		"/Users/endlessio/Qt/Tools/CMake/CMake.app/Contents/share/cmake-3.23/Modules/CheckCSourceCompiles.cmake",
		"/Users/endlessio/Qt/Tools/CMake/CMake.app/Contents/share/cmake-3.23/Modules/FindPackageHandleStandardArgs.cmake",
		"/Users/endlessio/Qt/Tools/CMake/CMake.app/Contents/share/cmake-3.23/Modules/FindPackageMessage.cmake",
		"/Users/endlessio/Qt/6.2.4/macos/lib/cmake/Qt6Widgets/Qt6WidgetsConfigVersion.cmake",
		"/Users/endlessio/Qt/6.2.4/macos/lib/cmake/Qt6Widgets/Qt6WidgetsConfigVersionImpl.cmake",
		"/Users/endlessio/Qt/6.2.4/macos/lib/cmake/Qt6Widgets/Qt6WidgetsConfig.cmake",
		"/Users/endlessio/Qt/Tools/CMake/CMake.app/Contents/share/cmake-3.23/Modules/CMakeFindDependencyMacro.cmake",
		"/Users/endlessio/Qt/6.2.4/macos/lib/cmake/Qt6Widgets/Qt6WidgetsDependencies.cmake",
		"/Users/endlessio/Qt/6.2.4/macos/lib/cmake/Qt6/Qt6ConfigVersion.cmake",
		"/Users/endlessio/Qt/6.2.4/macos/lib/cmake/Qt6/Qt6ConfigVersionImpl.cmake",
		"/Users/endlessio/Qt/6.2.4/macos/lib/cmake/Qt6/Qt6Config.cmake",
		"/Users/endlessio/Qt/6.2.4/macos/lib/cmake/Qt6/Qt6ConfigExtras.cmake",
		"/Users/endlessio/Qt/6.2.4/macos/lib/cmake/Qt6/QtPublicCMakeVersionHelpers.cmake",
		"/Users/endlessio/Qt/6.2.4/macos/lib/cmake/Qt6/Qt6Targets.cmake",
		"/Users/endlessio/Qt/6.2.4/macos/lib/cmake/Qt6/Qt6VersionlessTargets.cmake",
		"/Users/endlessio/Qt/6.2.4/macos/lib/cmake/Qt6/QtFeature.cmake",
		"/Users/endlessio/Qt/6.2.4/macos/lib/cmake/Qt6/QtFeatureCommon.cmake",
		"/Users/endlessio/Qt/Tools/CMake/CMake.app/Contents/share/cmake-3.23/Modules/CheckCXXCompilerFlag.cmake",
		"/Users/endlessio/Qt/6.2.4/macos/lib/cmake/Qt6/QtPublicFinalizerHelpers.cmake",
		"/Users/endlessio/Qt/6.2.4/macos/lib/cmake/Qt6/QtPublicPluginHelpers.cmake",
		"/Users/endlessio/Qt/6.2.4/macos/lib/cmake/Qt6/QtPublicTargetHelpers.cmake",
		"/Users/endlessio/Qt/6.2.4/macos/lib/cmake/Qt6/QtPublicWalkLibsHelpers.cmake",
		"/Users/endlessio/Qt/6.2.4/macos/lib/cmake/Qt6/QtPublicFindPackageHelpers.cmake",
		"/Users/endlessio/Qt/6.2.4/macos/lib/cmake/Qt6/QtPublicDependencyHelpers.cmake",
		"/Users/endlessio/Qt/6.2.4/macos/lib/cmake/Qt6/QtPublicCMakeHelpers.cmake",
		"/Users/endlessio/Qt/Tools/CMake/CMake.app/Contents/share/cmake-3.23/Modules/CMakeFindDependencyMacro.cmake",
		"/Users/endlessio/Qt/6.2.4/macos/lib/cmake/Qt6/Qt6Dependencies.cmake",
		"/Users/endlessio/Qt/Tools/CMake/CMake.app/Contents/share/cmake-3.23/Modules/FindThreads.cmake",
		"/Users/endlessio/Qt/Tools/CMake/CMake.app/Contents/share/cmake-3.23/Modules/CheckLibraryExists.cmake",
		"/Users/endlessio/Qt/Tools/CMake/CMake.app/Contents/share/cmake-3.23/Modules/CheckIncludeFile.cmake",
		"/Users/endlessio/Qt/Tools/CMake/CMake.app/Contents/share/cmake-3.23/Modules/CheckCSourceCompiles.cmake",
		"/Users/endlessio/Qt/Tools/CMake/CMake.app/Contents/share/cmake-3.23/Modules/FindPackageHandleStandardArgs.cmake",
		"/Users/endlessio/Qt/Tools/CMake/CMake.app/Contents/share/cmake-3.23/Modules/FindPackageMessage.cmake",
		"/Users/endlessio/Qt/6.2.4/macos/lib/cmake/Qt6WidgetsTools/Qt6WidgetsToolsConfigVersion.cmake",
		"/Users/endlessio/Qt/6.2.4/macos/lib/cmake/Qt6WidgetsTools/Qt6WidgetsToolsConfigVersionImpl.cmake",
		"/Users/endlessio/Qt/6.2.4/macos/lib/cmake/Qt6WidgetsTools/Qt6WidgetsToolsConfig.cmake",
		"/Users/endlessio/Qt/Tools/CMake/CMake.app/Contents/share/cmake-3.23/Modules/CMakeFindDependencyMacro.cmake",
		"/Users/endlessio/Qt/6.2.4/macos/lib/cmake/Qt6WidgetsTools/Qt6WidgetsToolsDependencies.cmake",
		"/Users/endlessio/Qt/6.2.4/macos/lib/cmake/Qt6GuiTools/Qt6GuiToolsConfigVersion.cmake",
		"/Users/endlessio/Qt/6.2.4/macos/lib/cmake/Qt6GuiTools/Qt6GuiToolsConfigVersionImpl.cmake",
		"/Users/endlessio/Qt/6.2.4/macos/lib/cmake/Qt6GuiTools/Qt6GuiToolsConfig.cmake",
		"/Users/endlessio/Qt/Tools/CMake/CMake.app/Contents/share/cmake-3.23/Modules/CMakeFindDependencyMacro.cmake",
		"/Users/endlessio/Qt/6.2.4/macos/lib/cmake/Qt6GuiTools/Qt6GuiToolsDependencies.cmake",
		"/Users/endlessio/Qt/6.2.4/macos/lib/cmake/Qt6GuiTools/Qt6GuiToolsTargets.cmake",
		"/Users/endlessio/Qt/6.2.4/macos/lib/cmake/Qt6GuiTools/Qt6GuiToolsTargets-relwithdebinfo.cmake",
		"/Users/endlessio/Qt/6.2.4/macos/lib/cmake/Qt6GuiTools/Qt6GuiToolsAdditionalTargetInfo.cmake",
		"/Users/endlessio/Qt/6.2.4/macos/lib/cmake/Qt6GuiTools/Qt6GuiToolsVersionlessTargets.cmake",
		"/Users/endlessio/Qt/6.2.4/macos/lib/cmake/Qt6WidgetsTools/Qt6WidgetsToolsTargets.cmake",
		"/Users/endlessio/Qt/6.2.4/macos/lib/cmake/Qt6WidgetsTools/Qt6WidgetsToolsTargets-relwithdebinfo.cmake",
		"/Users/endlessio/Qt/6.2.4/macos/lib/cmake/Qt6WidgetsTools/Qt6WidgetsToolsAdditionalTargetInfo.cmake",
		"/Users/endlessio/Qt/6.2.4/macos/lib/cmake/Qt6WidgetsTools/Qt6WidgetsToolsVersionlessTargets.cmake",
		"/Users/endlessio/Qt/6.2.4/macos/lib/cmake/Qt6Gui/Qt6GuiConfigVersion.cmake",
		"/Users/endlessio/Qt/6.2.4/macos/lib/cmake/Qt6Gui/Qt6GuiConfigVersionImpl.cmake",
		"/Users/endlessio/Qt/6.2.4/macos/lib/cmake/Qt6Gui/Qt6GuiConfig.cmake",
		"/Users/endlessio/Qt/Tools/CMake/CMake.app/Contents/share/cmake-3.23/Modules/CMakeFindDependencyMacro.cmake",
		"/Users/endlessio/Qt/6.2.4/macos/lib/cmake/Qt6Gui/Qt6GuiDependencies.cmake",
		"/Users/endlessio/Qt/6.2.4/macos/lib/cmake/Qt6/Qt6ConfigVersion.cmake",
		"/Users/endlessio/Qt/6.2.4/macos/lib/cmake/Qt6/Qt6ConfigVersionImpl.cmake",
		"/Users/endlessio/Qt/6.2.4/macos/lib/cmake/Qt6/Qt6Config.cmake",
		"/Users/endlessio/Qt/6.2.4/macos/lib/cmake/Qt6/Qt6ConfigExtras.cmake",
		"/Users/endlessio/Qt/6.2.4/macos/lib/cmake/Qt6/QtPublicCMakeVersionHelpers.cmake",
		"/Users/endlessio/Qt/6.2.4/macos/lib/cmake/Qt6/Qt6Targets.cmake",
		"/Users/endlessio/Qt/6.2.4/macos/lib/cmake/Qt6/Qt6VersionlessTargets.cmake",
		"/Users/endlessio/Qt/6.2.4/macos/lib/cmake/Qt6/QtFeature.cmake",
		"/Users/endlessio/Qt/6.2.4/macos/lib/cmake/Qt6/QtFeatureCommon.cmake",
		"/Users/endlessio/Qt/Tools/CMake/CMake.app/Contents/share/cmake-3.23/Modules/CheckCXXCompilerFlag.cmake",
		"/Users/endlessio/Qt/6.2.4/macos/lib/cmake/Qt6/QtPublicFinalizerHelpers.cmake",
		"/Users/endlessio/Qt/6.2.4/macos/lib/cmake/Qt6/QtPublicPluginHelpers.cmake",
		"/Users/endlessio/Qt/6.2.4/macos/lib/cmake/Qt6/QtPublicTargetHelpers.cmake",
		"/Users/endlessio/Qt/6.2.4/macos/lib/cmake/Qt6/QtPublicWalkLibsHelpers.cmake",
		"/Users/endlessio/Qt/6.2.4/macos/lib/cmake/Qt6/QtPublicFindPackageHelpers.cmake",
		"/Users/endlessio/Qt/6.2.4/macos/lib/cmake/Qt6/QtPublicDependencyHelpers.cmake",
		"/Users/endlessio/Qt/6.2.4/macos/lib/cmake/Qt6/QtPublicCMakeHelpers.cmake",
		"/Users/endlessio/Qt/Tools/CMake/CMake.app/Contents/share/cmake-3.23/Modules/CMakeFindDependencyMacro.cmake",
		"/Users/endlessio/Qt/6.2.4/macos/lib/cmake/Qt6/Qt6Dependencies.cmake",
		"/Users/endlessio/Qt/Tools/CMake/CMake.app/Contents/share/cmake-3.23/Modules/FindThreads.cmake",
		"/Users/endlessio/Qt/Tools/CMake/CMake.app/Contents/share/cmake-3.23/Modules/CheckLibraryExists.cmake",
		"/Users/endlessio/Qt/Tools/CMake/CMake.app/Contents/share/cmake-3.23/Modules/CheckIncludeFile.cmake",
		"/Users/endlessio/Qt/Tools/CMake/CMake.app/Contents/share/cmake-3.23/Modules/CheckCSourceCompiles.cmake",
		"/Users/endlessio/Qt/Tools/CMake/CMake.app/Contents/share/cmake-3.23/Modules/FindPackageHandleStandardArgs.cmake",
		"/Users/endlessio/Qt/Tools/CMake/CMake.app/Contents/share/cmake-3.23/Modules/FindPackageMessage.cmake",
		"/Users/endlessio/Qt/6.2.4/macos/lib/cmake/Qt6/FindWrapOpenGL.cmake",
		"/Users/endlessio/Qt/Tools/CMake/CMake.app/Contents/share/cmake-3.23/Modules/FindOpenGL.cmake",
		"/Users/endlessio/Qt/Tools/CMake/CMake.app/Contents/share/cmake-3.23/Modules/FindPackageHandleStandardArgs.cmake",
		"/Users/endlessio/Qt/Tools/CMake/CMake.app/Contents/share/cmake-3.23/Modules/FindPackageMessage.cmake",
		"/Users/endlessio/Qt/Tools/CMake/CMake.app/Contents/share/cmake-3.23/Modules/FindPackageHandleStandardArgs.cmake",
		"/Users/endlessio/Qt/Tools/CMake/CMake.app/Contents/share/cmake-3.23/Modules/FindPackageMessage.cmake",
		"/Users/endlessio/Qt/6.2.4/macos/lib/cmake/Qt6GuiTools/Qt6GuiToolsConfigVersion.cmake",
		"/Users/endlessio/Qt/6.2.4/macos/lib/cmake/Qt6GuiTools/Qt6GuiToolsConfigVersionImpl.cmake",
		"/Users/endlessio/Qt/6.2.4/macos/lib/cmake/Qt6GuiTools/Qt6GuiToolsConfig.cmake",
		"/Users/endlessio/Qt/Tools/CMake/CMake.app/Contents/share/cmake-3.23/Modules/CMakeFindDependencyMacro.cmake",
		"/Users/endlessio/Qt/6.2.4/macos/lib/cmake/Qt6GuiTools/Qt6GuiToolsDependencies.cmake",
		"/Users/endlessio/Qt/6.2.4/macos/lib/cmake/Qt6GuiTools/Qt6GuiToolsTargets.cmake",
		"/Users/endlessio/Qt/6.2.4/macos/lib/cmake/Qt6GuiTools/Qt6GuiToolsAdditionalTargetInfo.cmake",
		"/Users/endlessio/Qt/6.2.4/macos/lib/cmake/Qt6GuiTools/Qt6GuiToolsVersionlessTargets.cmake",
		"/Users/endlessio/Qt/6.2.4/macos/lib/cmake/Qt6DBus/Qt6DBusConfigVersion.cmake",
		"/Users/endlessio/Qt/6.2.4/macos/lib/cmake/Qt6DBus/Qt6DBusConfigVersionImpl.cmake",
		"/Users/endlessio/Qt/6.2.4/macos/lib/cmake/Qt6DBus/Qt6DBusConfig.cmake",
		"/Users/endlessio/Qt/Tools/CMake/CMake.app/Contents/share/cmake-3.23/Modules/CMakeFindDependencyMacro.cmake",
		"/Users/endlessio/Qt/6.2.4/macos/lib/cmake/Qt6DBus/Qt6DBusDependencies.cmake",
		"/Users/endlessio/Qt/6.2.4/macos/lib/cmake/Qt6/Qt6ConfigVersion.cmake",
		"/Users/endlessio/Qt/6.2.4/macos/lib/cmake/Qt6/Qt6ConfigVersionImpl.cmake",
		"/Users/endlessio/Qt/6.2.4/macos/lib/cmake/Qt6/Qt6Config.cmake",
		"/Users/endlessio/Qt/6.2.4/macos/lib/cmake/Qt6/Qt6ConfigExtras.cmake",
		"/Users/endlessio/Qt/6.2.4/macos/lib/cmake/Qt6/QtPublicCMakeVersionHelpers.cmake",
		"/Users/endlessio/Qt/6.2.4/macos/lib/cmake/Qt6/Qt6Targets.cmake",
		"/Users/endlessio/Qt/6.2.4/macos/lib/cmake/Qt6/Qt6VersionlessTargets.cmake",
		"/Users/endlessio/Qt/6.2.4/macos/lib/cmake/Qt6/QtFeature.cmake",
		"/Users/endlessio/Qt/6.2.4/macos/lib/cmake/Qt6/QtFeatureCommon.cmake",
		"/Users/endlessio/Qt/Tools/CMake/CMake.app/Contents/share/cmake-3.23/Modules/CheckCXXCompilerFlag.cmake",
		"/Users/endlessio/Qt/6.2.4/macos/lib/cmake/Qt6/QtPublicFinalizerHelpers.cmake",
		"/Users/endlessio/Qt/6.2.4/macos/lib/cmake/Qt6/QtPublicPluginHelpers.cmake",
		"/Users/endlessio/Qt/6.2.4/macos/lib/cmake/Qt6/QtPublicTargetHelpers.cmake",
		"/Users/endlessio/Qt/6.2.4/macos/lib/cmake/Qt6/QtPublicWalkLibsHelpers.cmake",
		"/Users/endlessio/Qt/6.2.4/macos/lib/cmake/Qt6/QtPublicFindPackageHelpers.cmake",
		"/Users/endlessio/Qt/6.2.4/macos/lib/cmake/Qt6/QtPublicDependencyHelpers.cmake",
		"/Users/endlessio/Qt/6.2.4/macos/lib/cmake/Qt6/QtPublicCMakeHelpers.cmake",
		"/Users/endlessio/Qt/Tools/CMake/CMake.app/Contents/share/cmake-3.23/Modules/CMakeFindDependencyMacro.cmake",
		"/Users/endlessio/Qt/6.2.4/macos/lib/cmake/Qt6/Qt6Dependencies.cmake",
		"/Users/endlessio/Qt/Tools/CMake/CMake.app/Contents/share/cmake-3.23/Modules/FindThreads.cmake",
		"/Users/endlessio/Qt/Tools/CMake/CMake.app/Contents/share/cmake-3.23/Modules/CheckLibraryExists.cmake",
		"/Users/endlessio/Qt/Tools/CMake/CMake.app/Contents/share/cmake-3.23/Modules/CheckIncludeFile.cmake",
		"/Users/endlessio/Qt/Tools/CMake/CMake.app/Contents/share/cmake-3.23/Modules/CheckCSourceCompiles.cmake",
		"/Users/endlessio/Qt/Tools/CMake/CMake.app/Contents/share/cmake-3.23/Modules/FindPackageHandleStandardArgs.cmake",
		"/Users/endlessio/Qt/Tools/CMake/CMake.app/Contents/share/cmake-3.23/Modules/FindPackageMessage.cmake",
		"/Users/endlessio/Qt/6.2.4/macos/lib/cmake/Qt6DBusTools/Qt6DBusToolsConfigVersion.cmake",
		"/Users/endlessio/Qt/6.2.4/macos/lib/cmake/Qt6DBusTools/Qt6DBusToolsConfigVersionImpl.cmake",
		"/Users/endlessio/Qt/6.2.4/macos/lib/cmake/Qt6DBusTools/Qt6DBusToolsConfig.cmake",
		"/Users/endlessio/Qt/Tools/CMake/CMake.app/Contents/share/cmake-3.23/Modules/CMakeFindDependencyMacro.cmake",
		"/Users/endlessio/Qt/6.2.4/macos/lib/cmake/Qt6DBusTools/Qt6DBusToolsDependencies.cmake",
		"/Users/endlessio/Qt/6.2.4/macos/lib/cmake/Qt6DBusTools/Qt6DBusToolsTargets.cmake",
		"/Users/endlessio/Qt/6.2.4/macos/lib/cmake/Qt6DBusTools/Qt6DBusToolsTargets-relwithdebinfo.cmake",
		"/Users/endlessio/Qt/6.2.4/macos/lib/cmake/Qt6DBusTools/Qt6DBusToolsAdditionalTargetInfo.cmake",
		"/Users/endlessio/Qt/6.2.4/macos/lib/cmake/Qt6DBusTools/Qt6DBusToolsVersionlessTargets.cmake",
		"/Users/endlessio/Qt/6.2.4/macos/lib/cmake/Qt6DBus/Qt6DBusTargets.cmake",
		"/Users/endlessio/Qt/6.2.4/macos/lib/cmake/Qt6DBus/Qt6DBusTargets-relwithdebinfo.cmake",
		"/Users/endlessio/Qt/6.2.4/macos/lib/cmake/Qt6DBus/Qt6DBusAdditionalTargetInfo.cmake",
		"/Users/endlessio/Qt/6.2.4/macos/lib/cmake/Qt6DBus/Qt6DBusVersionlessTargets.cmake",
		"/Users/endlessio/Qt/6.2.4/macos/lib/cmake/Qt6DBus/Qt6DBusMacros.cmake",
		"/Users/endlessio/Qt/Tools/CMake/CMake.app/Contents/share/cmake-3.23/Modules/MacroAddFileDependencies.cmake",
		"/Users/endlessio/Qt/Tools/CMake/CMake.app/Contents/share/cmake-3.23/Modules/CMakeParseArguments.cmake",
		"/Users/endlessio/Qt/6.2.4/macos/lib/cmake/Qt6Gui/Qt6GuiTargets.cmake",
		"/Users/endlessio/Qt/6.2.4/macos/lib/cmake/Qt6Gui/Qt6GuiTargets-relwithdebinfo.cmake",
		"/Users/endlessio/Qt/6.2.4/macos/lib/cmake/Qt6Gui/Qt6GuiAdditionalTargetInfo.cmake",
		"/Users/endlessio/Qt/6.2.4/macos/lib/cmake/Qt6Gui/Qt6GuiVersionlessTargets.cmake",
		"/Users/endlessio/Qt/6.2.4/macos/lib/cmake/Qt6Widgets/Qt6WidgetsTargets.cmake",
		"/Users/endlessio/Qt/6.2.4/macos/lib/cmake/Qt6Widgets/Qt6WidgetsTargets-relwithdebinfo.cmake",
		"/Users/endlessio/Qt/6.2.4/macos/lib/cmake/Qt6Widgets/Qt6WidgetsAdditionalTargetInfo.cmake",
		"/Users/endlessio/Qt/6.2.4/macos/lib/cmake/Qt6Widgets/Qt6WidgetsVersionlessTargets.cmake",
		"/Users/endlessio/Qt/6.2.4/macos/lib/cmake/Qt6Widgets/Qt6WidgetsMacros.cmake",
		"/Users/endlessio/Qt/Tools/CMake/CMake.app/Contents/share/cmake-3.23/Modules/CMakeParseArguments.cmake",
		"/Users/endlessio/Qt/6.2.4/macos/lib/cmake/Qt6/Qt6ConfigVersion.cmake",
		"/Users/endlessio/Qt/6.2.4/macos/lib/cmake/Qt6/Qt6ConfigVersionImpl.cmake",
		"/Users/endlessio/Qt/6.2.4/macos/lib/cmake/Qt6/Qt6Config.cmake",
		"/Users/endlessio/Qt/6.2.4/macos/lib/cmake/Qt6/Qt6ConfigExtras.cmake",
		"/Users/endlessio/Qt/6.2.4/macos/lib/cmake/Qt6/QtPublicCMakeVersionHelpers.cmake",
		"/Users/endlessio/Qt/6.2.4/macos/lib/cmake/Qt6/Qt6Targets.cmake",
		"/Users/endlessio/Qt/6.2.4/macos/lib/cmake/Qt6/Qt6VersionlessTargets.cmake",
		"/Users/endlessio/Qt/6.2.4/macos/lib/cmake/Qt6/QtFeature.cmake",
		"/Users/endlessio/Qt/6.2.4/macos/lib/cmake/Qt6/QtFeatureCommon.cmake",
		"/Users/endlessio/Qt/Tools/CMake/CMake.app/Contents/share/cmake-3.23/Modules/CheckCXXCompilerFlag.cmake",
		"/Users/endlessio/Qt/6.2.4/macos/lib/cmake/Qt6/QtPublicFinalizerHelpers.cmake",
		"/Users/endlessio/Qt/6.2.4/macos/lib/cmake/Qt6/QtPublicPluginHelpers.cmake",
		"/Users/endlessio/Qt/6.2.4/macos/lib/cmake/Qt6/QtPublicTargetHelpers.cmake",
		"/Users/endlessio/Qt/6.2.4/macos/lib/cmake/Qt6/QtPublicWalkLibsHelpers.cmake",
		"/Users/endlessio/Qt/6.2.4/macos/lib/cmake/Qt6/QtPublicFindPackageHelpers.cmake",
		"/Users/endlessio/Qt/6.2.4/macos/lib/cmake/Qt6/QtPublicDependencyHelpers.cmake",
		"/Users/endlessio/Qt/6.2.4/macos/lib/cmake/Qt6/QtPublicCMakeHelpers.cmake",
		"/Users/endlessio/Qt/Tools/CMake/CMake.app/Contents/share/cmake-3.23/Modules/CMakeFindDependencyMacro.cmake",
		"/Users/endlessio/Qt/6.2.4/macos/lib/cmake/Qt6/Qt6Dependencies.cmake",
		"/Users/endlessio/Qt/Tools/CMake/CMake.app/Contents/share/cmake-3.23/Modules/FindThreads.cmake",
		"/Users/endlessio/Qt/Tools/CMake/CMake.app/Contents/share/cmake-3.23/Modules/CheckLibraryExists.cmake",
		"/Users/endlessio/Qt/Tools/CMake/CMake.app/Contents/share/cmake-3.23/Modules/CheckIncludeFile.cmake",
		"/Users/endlessio/Qt/Tools/CMake/CMake.app/Contents/share/cmake-3.23/Modules/CheckCSourceCompiles.cmake",
		"/Users/endlessio/Qt/Tools/CMake/CMake.app/Contents/share/cmake-3.23/Modules/FindPackageHandleStandardArgs.cmake",
		"/Users/endlessio/Qt/Tools/CMake/CMake.app/Contents/share/cmake-3.23/Modules/FindPackageMessage.cmake",
		"/Users/endlessio/Qt/6.2.4/macos/lib/cmake/Qt6OpenGL/Qt6OpenGLConfigVersion.cmake",
		"/Users/endlessio/Qt/6.2.4/macos/lib/cmake/Qt6OpenGL/Qt6OpenGLConfigVersionImpl.cmake",
		"/Users/endlessio/Qt/6.2.4/macos/lib/cmake/Qt6OpenGL/Qt6OpenGLConfig.cmake",
		"/Users/endlessio/Qt/Tools/CMake/CMake.app/Contents/share/cmake-3.23/Modules/CMakeFindDependencyMacro.cmake",
		"/Users/endlessio/Qt/6.2.4/macos/lib/cmake/Qt6OpenGL/Qt6OpenGLDependencies.cmake",
		"/Users/endlessio/Qt/6.2.4/macos/lib/cmake/Qt6/Qt6ConfigVersion.cmake",
		"/Users/endlessio/Qt/6.2.4/macos/lib/cmake/Qt6/Qt6ConfigVersionImpl.cmake",
		"/Users/endlessio/Qt/6.2.4/macos/lib/cmake/Qt6/Qt6Config.cmake",
		"/Users/endlessio/Qt/6.2.4/macos/lib/cmake/Qt6/Qt6ConfigExtras.cmake",
		"/Users/endlessio/Qt/6.2.4/macos/lib/cmake/Qt6/QtPublicCMakeVersionHelpers.cmake",
		"/Users/endlessio/Qt/6.2.4/macos/lib/cmake/Qt6/Qt6Targets.cmake",
		"/Users/endlessio/Qt/6.2.4/macos/lib/cmake/Qt6/Qt6VersionlessTargets.cmake",
		"/Users/endlessio/Qt/6.2.4/macos/lib/cmake/Qt6/QtFeature.cmake",
		"/Users/endlessio/Qt/6.2.4/macos/lib/cmake/Qt6/QtFeatureCommon.cmake",
		"/Users/endlessio/Qt/Tools/CMake/CMake.app/Contents/share/cmake-3.23/Modules/CheckCXXCompilerFlag.cmake",
		"/Users/endlessio/Qt/6.2.4/macos/lib/cmake/Qt6/QtPublicFinalizerHelpers.cmake",
		"/Users/endlessio/Qt/6.2.4/macos/lib/cmake/Qt6/QtPublicPluginHelpers.cmake",
		"/Users/endlessio/Qt/6.2.4/macos/lib/cmake/Qt6/QtPublicTargetHelpers.cmake",
		"/Users/endlessio/Qt/6.2.4/macos/lib/cmake/Qt6/QtPublicWalkLibsHelpers.cmake",
		"/Users/endlessio/Qt/6.2.4/macos/lib/cmake/Qt6/QtPublicFindPackageHelpers.cmake",
		"/Users/endlessio/Qt/6.2.4/macos/lib/cmake/Qt6/QtPublicDependencyHelpers.cmake",
		"/Users/endlessio/Qt/6.2.4/macos/lib/cmake/Qt6/QtPublicCMakeHelpers.cmake",
		"/Users/endlessio/Qt/Tools/CMake/CMake.app/Contents/share/cmake-3.23/Modules/CMakeFindDependencyMacro.cmake",
		"/Users/endlessio/Qt/6.2.4/macos/lib/cmake/Qt6/Qt6Dependencies.cmake",
		"/Users/endlessio/Qt/Tools/CMake/CMake.app/Contents/share/cmake-3.23/Modules/FindThreads.cmake",
		"/Users/endlessio/Qt/Tools/CMake/CMake.app/Contents/share/cmake-3.23/Modules/CheckLibraryExists.cmake",
		"/Users/endlessio/Qt/Tools/CMake/CMake.app/Contents/share/cmake-3.23/Modules/CheckIncludeFile.cmake",
		"/Users/endlessio/Qt/Tools/CMake/CMake.app/Contents/share/cmake-3.23/Modules/CheckCSourceCompiles.cmake",
		"/Users/endlessio/Qt/Tools/CMake/CMake.app/Contents/share/cmake-3.23/Modules/FindPackageHandleStandardArgs.cmake",
		"/Users/endlessio/Qt/Tools/CMake/CMake.app/Contents/share/cmake-3.23/Modules/FindPackageMessage.cmake",
		"/Users/endlessio/Qt/6.2.4/macos/lib/cmake/Qt6OpenGL/Qt6OpenGLTargets.cmake",
		"/Users/endlessio/Qt/6.2.4/macos/lib/cmake/Qt6OpenGL/Qt6OpenGLTargets-relwithdebinfo.cmake",
		"/Users/endlessio/Qt/6.2.4/macos/lib/cmake/Qt6OpenGL/Qt6OpenGLAdditionalTargetInfo.cmake",
		"/Users/endlessio/Qt/6.2.4/macos/lib/cmake/Qt6OpenGL/Qt6OpenGLVersionlessTargets.cmake",
		"/Users/endlessio/Qt/6.2.4/macos/lib/cmake/Qt6/Qt6ConfigVersion.cmake",
		"/Users/endlessio/Qt/6.2.4/macos/lib/cmake/Qt6/Qt6ConfigVersionImpl.cmake",
		"/Users/endlessio/Qt/6.2.4/macos/lib/cmake/Qt6/Qt6Config.cmake",
		"/Users/endlessio/Qt/6.2.4/macos/lib/cmake/Qt6/Qt6ConfigExtras.cmake",
		"/Users/endlessio/Qt/6.2.4/macos/lib/cmake/Qt6/QtPublicCMakeVersionHelpers.cmake",
		"/Users/endlessio/Qt/6.2.4/macos/lib/cmake/Qt6/Qt6Targets.cmake",
		"/Users/endlessio/Qt/6.2.4/macos/lib/cmake/Qt6/Qt6VersionlessTargets.cmake",
		"/Users/endlessio/Qt/6.2.4/macos/lib/cmake/Qt6/QtFeature.cmake",
		"/Users/endlessio/Qt/6.2.4/macos/lib/cmake/Qt6/QtFeatureCommon.cmake",
		"/Users/endlessio/Qt/Tools/CMake/CMake.app/Contents/share/cmake-3.23/Modules/CheckCXXCompilerFlag.cmake",
		"/Users/endlessio/Qt/6.2.4/macos/lib/cmake/Qt6/QtPublicFinalizerHelpers.cmake",
		"/Users/endlessio/Qt/6.2.4/macos/lib/cmake/Qt6/QtPublicPluginHelpers.cmake",
		"/Users/endlessio/Qt/6.2.4/macos/lib/cmake/Qt6/QtPublicTargetHelpers.cmake",
		"/Users/endlessio/Qt/6.2.4/macos/lib/cmake/Qt6/QtPublicWalkLibsHelpers.cmake",
		"/Users/endlessio/Qt/6.2.4/macos/lib/cmake/Qt6/QtPublicFindPackageHelpers.cmake",
		"/Users/endlessio/Qt/6.2.4/macos/lib/cmake/Qt6/QtPublicDependencyHelpers.cmake",
		"/Users/endlessio/Qt/6.2.4/macos/lib/cmake/Qt6/QtPublicCMakeHelpers.cmake",
		"/Users/endlessio/Qt/Tools/CMake/CMake.app/Contents/share/cmake-3.23/Modules/CMakeFindDependencyMacro.cmake",
		"/Users/endlessio/Qt/6.2.4/macos/lib/cmake/Qt6/Qt6Dependencies.cmake",
		"/Users/endlessio/Qt/Tools/CMake/CMake.app/Contents/share/cmake-3.23/Modules/FindThreads.cmake",
		"/Users/endlessio/Qt/Tools/CMake/CMake.app/Contents/share/cmake-3.23/Modules/CheckLibraryExists.cmake",
		"/Users/endlessio/Qt/Tools/CMake/CMake.app/Contents/share/cmake-3.23/Modules/CheckIncludeFile.cmake",
		"/Users/endlessio/Qt/Tools/CMake/CMake.app/Contents/share/cmake-3.23/Modules/CheckCSourceCompiles.cmake",
		"/Users/endlessio/Qt/Tools/CMake/CMake.app/Contents/share/cmake-3.23/Modules/FindPackageHandleStandardArgs.cmake",
		"/Users/endlessio/Qt/Tools/CMake/CMake.app/Contents/share/cmake-3.23/Modules/FindPackageMessage.cmake",
		"/Users/endlessio/Qt/6.2.4/macos/lib/cmake/Qt6OpenGLWidgets/Qt6OpenGLWidgetsConfigVersion.cmake",
		"/Users/endlessio/Qt/6.2.4/macos/lib/cmake/Qt6OpenGLWidgets/Qt6OpenGLWidgetsConfigVersionImpl.cmake",
		"/Users/endlessio/Qt/6.2.4/macos/lib/cmake/Qt6OpenGLWidgets/Qt6OpenGLWidgetsConfig.cmake",
		"/Users/endlessio/Qt/Tools/CMake/CMake.app/Contents/share/cmake-3.23/Modules/CMakeFindDependencyMacro.cmake",
		"/Users/endlessio/Qt/6.2.4/macos/lib/cmake/Qt6OpenGLWidgets/Qt6OpenGLWidgetsDependencies.cmake",
		"/Users/endlessio/Qt/6.2.4/macos/lib/cmake/Qt6/Qt6ConfigVersion.cmake",
		"/Users/endlessio/Qt/6.2.4/macos/lib/cmake/Qt6/Qt6ConfigVersionImpl.cmake",
		"/Users/endlessio/Qt/6.2.4/macos/lib/cmake/Qt6/Qt6Config.cmake",
		"/Users/endlessio/Qt/6.2.4/macos/lib/cmake/Qt6/Qt6ConfigExtras.cmake",
		"/Users/endlessio/Qt/6.2.4/macos/lib/cmake/Qt6/QtPublicCMakeVersionHelpers.cmake",
		"/Users/endlessio/Qt/6.2.4/macos/lib/cmake/Qt6/Qt6Targets.cmake",
		"/Users/endlessio/Qt/6.2.4/macos/lib/cmake/Qt6/Qt6VersionlessTargets.cmake",
		"/Users/endlessio/Qt/6.2.4/macos/lib/cmake/Qt6/QtFeature.cmake",
		"/Users/endlessio/Qt/6.2.4/macos/lib/cmake/Qt6/QtFeatureCommon.cmake",
		"/Users/endlessio/Qt/Tools/CMake/CMake.app/Contents/share/cmake-3.23/Modules/CheckCXXCompilerFlag.cmake",
		"/Users/endlessio/Qt/6.2.4/macos/lib/cmake/Qt6/QtPublicFinalizerHelpers.cmake",
		"/Users/endlessio/Qt/6.2.4/macos/lib/cmake/Qt6/QtPublicPluginHelpers.cmake",
		"/Users/endlessio/Qt/6.2.4/macos/lib/cmake/Qt6/QtPublicTargetHelpers.cmake",
		"/Users/endlessio/Qt/6.2.4/macos/lib/cmake/Qt6/QtPublicWalkLibsHelpers.cmake",
		"/Users/endlessio/Qt/6.2.4/macos/lib/cmake/Qt6/QtPublicFindPackageHelpers.cmake",
		"/Users/endlessio/Qt/6.2.4/macos/lib/cmake/Qt6/QtPublicDependencyHelpers.cmake",
		"/Users/endlessio/Qt/6.2.4/macos/lib/cmake/Qt6/QtPublicCMakeHelpers.cmake",
		"/Users/endlessio/Qt/Tools/CMake/CMake.app/Contents/share/cmake-3.23/Modules/CMakeFindDependencyMacro.cmake",
		"/Users/endlessio/Qt/6.2.4/macos/lib/cmake/Qt6/Qt6Dependencies.cmake",
		"/Users/endlessio/Qt/Tools/CMake/CMake.app/Contents/share/cmake-3.23/Modules/FindThreads.cmake",
		"/Users/endlessio/Qt/Tools/CMake/CMake.app/Contents/share/cmake-3.23/Modules/CheckLibraryExists.cmake",
		"/Users/endlessio/Qt/Tools/CMake/CMake.app/Contents/share/cmake-3.23/Modules/CheckIncludeFile.cmake",
		"/Users/endlessio/Qt/Tools/CMake/CMake.app/Contents/share/cmake-3.23/Modules/CheckCSourceCompiles.cmake",
		"/Users/endlessio/Qt/Tools/CMake/CMake.app/Contents/share/cmake-3.23/Modules/FindPackageHandleStandardArgs.cmake",
		"/Users/endlessio/Qt/Tools/CMake/CMake.app/Contents/share/cmake-3.23/Modules/FindPackageMessage.cmake",
		"/Users/endlessio/Qt/6.2.4/macos/lib/cmake/Qt6OpenGLWidgets/Qt6OpenGLWidgetsTargets.cmake",
		"/Users/endlessio/Qt/6.2.4/macos/lib/cmake/Qt6OpenGLWidgets/Qt6OpenGLWidgetsTargets-relwithdebinfo.cmake",
		"/Users/endlessio/Qt/6.2.4/macos/lib/cmake/Qt6OpenGLWidgets/Qt6OpenGLWidgetsAdditionalTargetInfo.cmake",
		"/Users/endlessio/Qt/6.2.4/macos/lib/cmake/Qt6OpenGLWidgets/Qt6OpenGLWidgetsVersionlessTargets.cmake",
		"/Users/endlessio/Qt/6.2.4/macos/lib/cmake/Qt6/Qt6ConfigVersion.cmake",
		"/Users/endlessio/Qt/6.2.4/macos/lib/cmake/Qt6/Qt6ConfigVersionImpl.cmake",
		"/Users/endlessio/Qt/6.2.4/macos/lib/cmake/Qt6/Qt6Config.cmake",
		"/Users/endlessio/Qt/6.2.4/macos/lib/cmake/Qt6/Qt6ConfigExtras.cmake",
		"/Users/endlessio/Qt/6.2.4/macos/lib/cmake/Qt6/QtPublicCMakeVersionHelpers.cmake",
		"/Users/endlessio/Qt/6.2.4/macos/lib/cmake/Qt6/Qt6Targets.cmake",
		"/Users/endlessio/Qt/6.2.4/macos/lib/cmake/Qt6/Qt6VersionlessTargets.cmake",
		"/Users/endlessio/Qt/6.2.4/macos/lib/cmake/Qt6/QtFeature.cmake",
		"/Users/endlessio/Qt/6.2.4/macos/lib/cmake/Qt6/QtFeatureCommon.cmake",
		"/Users/endlessio/Qt/Tools/CMake/CMake.app/Contents/share/cmake-3.23/Modules/CheckCXXCompilerFlag.cmake",
		"/Users/endlessio/Qt/6.2.4/macos/lib/cmake/Qt6/QtPublicFinalizerHelpers.cmake",
		"/Users/endlessio/Qt/6.2.4/macos/lib/cmake/Qt6/QtPublicPluginHelpers.cmake",
		"/Users/endlessio/Qt/6.2.4/macos/lib/cmake/Qt6/QtPublicTargetHelpers.cmake",
		"/Users/endlessio/Qt/6.2.4/macos/lib/cmake/Qt6/QtPublicWalkLibsHelpers.cmake",
		"/Users/endlessio/Qt/6.2.4/macos/lib/cmake/Qt6/QtPublicFindPackageHelpers.cmake",
		"/Users/endlessio/Qt/6.2.4/macos/lib/cmake/Qt6/QtPublicDependencyHelpers.cmake",
		"/Users/endlessio/Qt/6.2.4/macos/lib/cmake/Qt6/QtPublicCMakeHelpers.cmake",
		"/Users/endlessio/Qt/Tools/CMake/CMake.app/Contents/share/cmake-3.23/Modules/CMakeFindDependencyMacro.cmake",
		"/Users/endlessio/Qt/6.2.4/macos/lib/cmake/Qt6/Qt6Dependencies.cmake",
		"/Users/endlessio/Qt/Tools/CMake/CMake.app/Contents/share/cmake-3.23/Modules/FindThreads.cmake",
		"/Users/endlessio/Qt/Tools/CMake/CMake.app/Contents/share/cmake-3.23/Modules/CheckLibraryExists.cmake",
		"/Users/endlessio/Qt/Tools/CMake/CMake.app/Contents/share/cmake-3.23/Modules/CheckIncludeFile.cmake",
		"/Users/endlessio/Qt/Tools/CMake/CMake.app/Contents/share/cmake-3.23/Modules/CheckCSourceCompiles.cmake",
		"/Users/endlessio/Qt/Tools/CMake/CMake.app/Contents/share/cmake-3.23/Modules/FindPackageHandleStandardArgs.cmake",
		"/Users/endlessio/Qt/Tools/CMake/CMake.app/Contents/share/cmake-3.23/Modules/FindPackageMessage.cmake",
		"/Users/endlessio/Qt/6.2.4/macos/lib/cmake/Qt6Gui/Qt6GuiConfigVersion.cmake",
		"/Users/endlessio/Qt/6.2.4/macos/lib/cmake/Qt6Gui/Qt6GuiConfigVersionImpl.cmake",
		"/Users/endlessio/Qt/6.2.4/macos/lib/cmake/Qt6Gui/Qt6GuiConfig.cmake",
		"/Users/endlessio/Qt/Tools/CMake/CMake.app/Contents/share/cmake-3.23/Modules/CMakeFindDependencyMacro.cmake",
		"/Users/endlessio/Qt/6.2.4/macos/lib/cmake/Qt6Gui/Qt6GuiDependencies.cmake",
		"/Users/endlessio/Qt/6.2.4/macos/lib/cmake/Qt6/Qt6ConfigVersion.cmake",
		"/Users/endlessio/Qt/6.2.4/macos/lib/cmake/Qt6/Qt6ConfigVersionImpl.cmake",
		"/Users/endlessio/Qt/6.2.4/macos/lib/cmake/Qt6/Qt6Config.cmake",
		"/Users/endlessio/Qt/6.2.4/macos/lib/cmake/Qt6/Qt6ConfigExtras.cmake",
		"/Users/endlessio/Qt/6.2.4/macos/lib/cmake/Qt6/QtPublicCMakeVersionHelpers.cmake",
		"/Users/endlessio/Qt/6.2.4/macos/lib/cmake/Qt6/Qt6Targets.cmake",
		"/Users/endlessio/Qt/6.2.4/macos/lib/cmake/Qt6/Qt6VersionlessTargets.cmake",
		"/Users/endlessio/Qt/6.2.4/macos/lib/cmake/Qt6/QtFeature.cmake",
		"/Users/endlessio/Qt/6.2.4/macos/lib/cmake/Qt6/QtFeatureCommon.cmake",
		"/Users/endlessio/Qt/Tools/CMake/CMake.app/Contents/share/cmake-3.23/Modules/CheckCXXCompilerFlag.cmake",
		"/Users/endlessio/Qt/6.2.4/macos/lib/cmake/Qt6/QtPublicFinalizerHelpers.cmake",
		"/Users/endlessio/Qt/6.2.4/macos/lib/cmake/Qt6/QtPublicPluginHelpers.cmake",
		"/Users/endlessio/Qt/6.2.4/macos/lib/cmake/Qt6/QtPublicTargetHelpers.cmake",
		"/Users/endlessio/Qt/6.2.4/macos/lib/cmake/Qt6/QtPublicWalkLibsHelpers.cmake",
		"/Users/endlessio/Qt/6.2.4/macos/lib/cmake/Qt6/QtPublicFindPackageHelpers.cmake",
		"/Users/endlessio/Qt/6.2.4/macos/lib/cmake/Qt6/QtPublicDependencyHelpers.cmake",
		"/Users/endlessio/Qt/6.2.4/macos/lib/cmake/Qt6/QtPublicCMakeHelpers.cmake",
		"/Users/endlessio/Qt/Tools/CMake/CMake.app/Contents/share/cmake-3.23/Modules/CMakeFindDependencyMacro.cmake",
		"/Users/endlessio/Qt/6.2.4/macos/lib/cmake/Qt6/Qt6Dependencies.cmake",
		"/Users/endlessio/Qt/Tools/CMake/CMake.app/Contents/share/cmake-3.23/Modules/FindThreads.cmake",
		"/Users/endlessio/Qt/Tools/CMake/CMake.app/Contents/share/cmake-3.23/Modules/CheckLibraryExists.cmake",
		"/Users/endlessio/Qt/Tools/CMake/CMake.app/Contents/share/cmake-3.23/Modules/CheckIncludeFile.cmake",
		"/Users/endlessio/Qt/Tools/CMake/CMake.app/Contents/share/cmake-3.23/Modules/CheckCSourceCompiles.cmake",
		"/Users/endlessio/Qt/Tools/CMake/CMake.app/Contents/share/cmake-3.23/Modules/FindPackageHandleStandardArgs.cmake",
		"/Users/endlessio/Qt/Tools/CMake/CMake.app/Contents/share/cmake-3.23/Modules/FindPackageMessage.cmake",
		"/Users/endlessio/Qt/6.2.4/macos/lib/cmake/Qt6/FindWrapOpenGL.cmake",
		"/Users/endlessio/Qt/6.2.4/macos/lib/cmake/Qt6GuiTools/Qt6GuiToolsConfigVersion.cmake",
		"/Users/endlessio/Qt/6.2.4/macos/lib/cmake/Qt6GuiTools/Qt6GuiToolsConfigVersionImpl.cmake",
		"/Users/endlessio/Qt/6.2.4/macos/lib/cmake/Qt6GuiTools/Qt6GuiToolsConfig.cmake",
		"/Users/endlessio/Qt/Tools/CMake/CMake.app/Contents/share/cmake-3.23/Modules/CMakeFindDependencyMacro.cmake",
		"/Users/endlessio/Qt/6.2.4/macos/lib/cmake/Qt6GuiTools/Qt6GuiToolsDependencies.cmake",
		"/Users/endlessio/Qt/6.2.4/macos/lib/cmake/Qt6GuiTools/Qt6GuiToolsTargets.cmake",
		"/Users/endlessio/Qt/6.2.4/macos/lib/cmake/Qt6GuiTools/Qt6GuiToolsAdditionalTargetInfo.cmake",
		"/Users/endlessio/Qt/6.2.4/macos/lib/cmake/Qt6GuiTools/Qt6GuiToolsVersionlessTargets.cmake",
		"/Users/endlessio/Qt/6.2.4/macos/lib/cmake/Qt6Gui/Qt6GuiTargets.cmake",
		"/Users/endlessio/Qt/6.2.4/macos/lib/cmake/Qt6Gui/Qt6GuiAdditionalTargetInfo.cmake",
		"/Users/endlessio/Qt/6.2.4/macos/lib/cmake/Qt6Gui/Qt6GuiVersionlessTargets.cmake",
		"/Users/endlessio/Qt/6.2.4/macos/lib/cmake/Qt6Core/Qt6CoreConfigureFileTemplate.in"
	],
	"CMAKE_SOURCE_DIR" : "/Users/endlessio/CS1230/lab07-terrain-Endlessio",
	"DEP_FILE" : "/Users/endlessio/CS1230/lab07-terrain-Endlessio/StaticGLEW_autogen/deps",
	"DEP_FILE_RULE_NAME" : "StaticGLEW_autogen/timestamp",
	"HEADERS" : [],
	"HEADER_EXTENSIONS" : [ "h", "hh", "h++", "hm", "hpp", "hxx", "in", "txx" ],
	"INCLUDE_DIR" : "/Users/endlessio/CS1230/lab07-terrain-Endlessio/StaticGLEW_autogen/include",
	"MOC_COMPILATION_FILE" : "/Users/endlessio/CS1230/lab07-terrain-Endlessio/StaticGLEW_autogen/mocs_compilation.cpp",
	"MOC_DEFINITIONS" : [],
	"MOC_DEPEND_FILTERS" : 
	[
		[
			"Q_PLUGIN_METADATA",
			"[\n][ \t]*Q_PLUGIN_METADATA[ \t]*\\([^\\)]*FILE[ \t]*\"([^\"]+)\""
		]
	],
	"MOC_INCLUDES" : 
	[
		"/Users/endlessio/CS1230/lab07-terrain-Endlessio",
		"/Users/endlessio/CS1230/lab07-terrain-Endlessio/lab07",
		"/Users/endlessio/CS1230/lab07-terrain-Endlessio/PRIVATE",
		"/Users/endlessio/CS1230/lab07-terrain-Endlessio/glew/include",
		"/Library/Developer/CommandLineTools/SDKs/MacOSX11.3.sdk/usr/include/c++/v1",
		"/Library/Developer/CommandLineTools/usr/lib/clang/13.0.0/include",
		"/Library/Developer/CommandLineTools/SDKs/MacOSX11.3.sdk/usr/include",
		"/Library/Developer/CommandLineTools/usr/include"
	],
	"MOC_MACRO_NAMES" : [ "Q_OBJECT", "Q_GADGET", "Q_NAMESPACE", "Q_NAMESPACE_EXPORT" ],
	"MOC_OPTIONS" : [],
	"MOC_PATH_PREFIX" : false,
	"MOC_PREDEFS_CMD" : 
	[
		"/usr/bin/clang++",
		"-dM",
		"-E",
		"-c",
		"/Users/endlessio/Qt/Tools/CMake/CMake.app/Contents/share/cmake-3.23/Modules/CMakeCXXCompilerABI.cpp"
	],
	"MOC_PREDEFS_FILE" : "/Users/endlessio/CS1230/lab07-terrain-Endlessio/StaticGLEW_autogen/moc_predefs.h",
	"MOC_RELAXED_MODE" : false,
	"MOC_SKIP" : 
	[
		"/Users/endlessio/CS1230/lab07-terrain-Endlessio/.rcc/qrc_Resources.cpp",
		"/Users/endlessio/CS1230/lab07-terrain-Endlessio/lab07_autogen/mocs_compilation.cpp"
	],
	"MULTI_CONFIG" : false,
	"PARALLEL" : 8,
	"PARSE_CACHE_FILE" : "/Users/endlessio/CS1230/lab07-terrain-Endlessio/CMakeFiles/StaticGLEW_autogen.dir/ParseCache.txt",
	"QT_MOC_EXECUTABLE" : "/Users/endlessio/Qt/6.2.4/macos/./libexec/moc",
	"QT_UIC_EXECUTABLE" : "/Users/endlessio/Qt/6.2.4/macos/./libexec/uic",
	"QT_VERSION_MAJOR" : 6,
	"QT_VERSION_MINOR" : 2,
	"SETTINGS_FILE" : "/Users/endlessio/CS1230/lab07-terrain-Endlessio/CMakeFiles/StaticGLEW_autogen.dir/AutogenUsed.txt",
	"SOURCES" : 
	[
		[
			"/Users/endlessio/CS1230/lab07-terrain-Endlessio/glew/src/glew.c",
			"MU",
			null
		]
	],
	"UIC_OPTIONS" : [],
	"UIC_SEARCH_PATHS" : [],
	"UIC_SKIP" : 
	[
		"/Users/endlessio/CS1230/lab07-terrain-Endlessio/.rcc/qrc_Resources.cpp",
		"/Users/endlessio/CS1230/lab07-terrain-Endlessio/lab07_autogen/mocs_compilation.cpp"
	],
	"UIC_UI_FILES" : [],
	"VERBOSITY" : 0
}
